<?xml version="1.0" encoding="UTF-8"?>
<modification>
    <id><![CDATA[curlopt_userpwd]]></id>
    <version><![CDATA[1]]></version>
    <vqmver><![CDATA[2.1.5]]></vqmver>
    <author><![CDATA[ZX Chen]]></author>
	<file name="admin/controller/sale/order.php,admin/controller/module/quickcheckout.php">
		<operation>
			<search position="after"><![CDATA[curl_setopt($curl, CURLOPT_RETURNTRANSFER, true);]]></search>
			<add><![CDATA[if ($this->config->get('config_http_username') && $this->config->get('config_http_password')) { curl_setopt($curl, CURLOPT_USERPWD, $this->config->get('config_http_username') . ":" . $this->config->get('config_http_password')); }]]></add>
		</operation>
	</file>
</modification>