<modification>
    <name>Admin Menu/Module Hide</name>
	<code>AdminMenuModuleHide</code>
    <version>2.2</version>
    <author>◘ Dotbox Creative</author>
	<link>http://dotboxcreative.com/</link>
	<file path="admin/view/template/common/menu.tpl">
		<operation>
			<search position="before"><![CDATA[<ul id="menu">]]></search>
			<add><![CDATA[
			<?php global $config; global $registry; $muser = $registry->get('user');if (($config->get('menuhide_menu')) && ($config->get('menuhide_status'))){$menucheck = 1;} else {$menucheck = 0;}?>
			]]></add>
		</operation>
		<operation>
			<search position="replace"><![CDATA[<li><a href="<?php echo $category; ?>"><?php echo $text_category; ?></a></li>]]></search>
			<add><![CDATA[
		    <?php if ($menucheck){
				if (($muser->hasPermission('access','catalog/category'))) {?>
				  <li><a href="<?php echo $category; ?>"><?php echo $text_category; ?></a></li>			
				<?php }}else{ ?>
			<li><a href="<?php echo $category; ?>"><?php echo $text_category; ?></a></li>
			<?php } ?>
			]]></add>
		</operation>
		<operation>
			<search position="replace"><![CDATA[<li><a href="<?php echo $product; ?>"><?php echo $text_product; ?></a></li>]]></search>
			<add><![CDATA[
             <?php if ($menucheck){ if (($muser->hasPermission('access','catalog/product')) ) {?>
			  <li><a href="<?php echo $product; ?>"><?php echo $text_product; ?></a></li>
			<?php }}else{ ?>
			 <li><a href="<?php echo $product; ?>"><?php echo $text_product; ?></a></li>
			<?php } ?>
			]]></add>
		</operation>
		<operation>
			<search position="replace"><![CDATA[<li><a href="<?php echo $recurring; ?>"><?php echo $text_recurring; ?></a></li>]]></search>
			<add><![CDATA[
             <?php if ($menucheck){ if (($muser->hasPermission('access','catalog/recurring')) ) {?>
			  <li><a href="<?php echo $recurring; ?>"><?php echo $text_recurring; ?></a></li>
			<?php }}else{ ?>
			 <li><a href="<?php echo $recurring; ?>"><?php echo $text_recurring; ?></a></li>
			<?php } ?>
			]]></add>
		</operation>
		<operation>
			<search position="replace"><![CDATA[<li><a href="<?php echo $filter; ?>"><?php echo $text_filter; ?></a></li>]]></search>
			<add><![CDATA[
             <?php if ($menucheck){ if (($muser->hasPermission('access','catalog/filter')) ) {?>
			  <li><a href="<?php echo $filter; ?>"><?php echo $text_filter; ?></a></li>
			<?php }}else{ ?>
			 <li><a href="<?php echo $filter; ?>"><?php echo $text_filter; ?></a></li>
			<?php } ?>
			]]></add>
		</operation>
		<operation>
			<search position="replace"><![CDATA[<li><a href="<?php echo $attribute; ?>"><?php echo $text_attribute; ?></a></li>]]></search>
			<add><![CDATA[
             <?php if ($menucheck){ if (($muser->hasPermission('access','catalog/attribute')) ) {?>
         	  <li><a href="<?php echo $attribute; ?>"><?php echo $text_attribute; ?></a></li>
        	<?php }}else{ ?>
			<li><a href="<?php echo $attribute; ?>"><?php echo $text_attribute; ?></a></li>
			<?php } ?>
			]]></add>
		</operation>
		<operation>
			<search position="replace"><![CDATA[<li><a href="<?php echo $attribute_group; ?>"><?php echo $text_attribute_group; ?></a></li>]]></search>
			<add><![CDATA[
             <?php if ($menucheck){ if (($muser->hasPermission('access','catalog/attribute_group')) ) {?>
              <li><a href="<?php echo $attribute_group; ?>"><?php echo $text_attribute_group; ?></a></li>
         	<?php }}else{ ?>
			<li><a href="<?php echo $attribute_group; ?>"><?php echo $text_attribute_group; ?></a></li>
			<?php } ?>
			]]></add>
		</operation>
		<operation>
			<search position="replace"><![CDATA[<li><a href="<?php echo $option; ?>"><?php echo $text_option; ?></a></li>]]></search>
			<add><![CDATA[
             <?php if ($menucheck){ if (($muser->hasPermission('access','catalog/option')) ) {?>
              <li><a href="<?php echo $option; ?>"><?php echo $text_option; ?></a></li>
         	<?php }}else{ ?>
			<li><a href="<?php echo $option; ?>"><?php echo $text_option; ?></a></li>
			<?php } ?>
			]]></add>
		</operation>
		<operation>
			<search position="replace"><![CDATA[<li><a href="<?php echo $manufacturer; ?>"><?php echo $text_manufacturer; ?></a></li>]]></search>
			<add><![CDATA[
             <?php if ($menucheck){ if (($muser->hasPermission('access','catalog/manufacturer')) ) {?>
              <li><a href="<?php echo $manufacturer; ?>"><?php echo $text_manufacturer; ?></a></li>
         	<?php }}else{ ?>
			<li><a href="<?php echo $manufacturer; ?>"><?php echo $text_manufacturer; ?></a></li>
			<?php } ?>
			]]></add>
		</operation>
		<operation>
			<search position="replace"><![CDATA[<li><a href="<?php echo $download; ?>"><?php echo $text_download; ?></a></li>]]></search>
			<add><![CDATA[
             <?php if ($menucheck){ if (($muser->hasPermission('access','catalog/download')) ) {?>
              <li><a href="<?php echo $download; ?>"><?php echo $text_download; ?></a></li>
         	<?php }}else{ ?>
			<li><a href="<?php echo $download; ?>"><?php echo $text_download; ?></a></li>
			<?php } ?>
			]]></add>
		</operation>
		<operation>
			<search position="replace"><![CDATA[<li><a href="<?php echo $review; ?>"><?php echo $text_review; ?></a></li>]]></search>
			<add><![CDATA[
             <?php if ($menucheck){ if (($muser->hasPermission('access','catalog/review')) ) {?>
              <li><a href="<?php echo $review; ?>"><?php echo $text_review; ?></a></li>
         	<?php }}else{ ?>
			<li><a href="<?php echo $review; ?>"><?php echo $text_review; ?></a></li>
			<?php } ?>
			]]></add>
		</operation>
		<operation>
			<search position="replace"><![CDATA[<li><a href="<?php echo $information; ?>"><?php echo $text_information; ?></a></li>]]></search>
			<add><![CDATA[
             <?php if ($menucheck){ if (($muser->hasPermission('access','catalog/information')) ) {?>
              <li><a href="<?php echo $information; ?>"><?php echo $text_information; ?></a></li>
         	<?php }}else{ ?>
			<li><a href="<?php echo $information; ?>"><?php echo $text_information; ?></a></li>
			<?php } ?>
			]]></add>
		</operation>
		<operation>
			<search position="replace"><![CDATA[<li><a href="<?php echo $testimonial; ?>"><?php echo $text_testimonial; ?></a></li>]]></search>
			<add><![CDATA[
             <?php if ($menucheck){ if (($muser->hasPermission('access','catalog/oca_testimonial_pro')) ) {?>
              <li><a href="<?php echo $testimonial; ?>"><?php echo $text_testimonial; ?></a></li>
         	<?php }}else{ ?>
			<li><a href="<?php echo $testimonial; ?>"><?php echo $text_testimonial; ?></a></li>
			<?php } ?>
			]]></add>
		</operation>
		<operation>
			<search position="replace"><![CDATA[<li><a href="<?php echo $gallimage_category; ?>"><?php echo $text_gallimage_category; ?></a></li>]]></search>
			<add><![CDATA[
             <?php if ($menucheck){ if (($muser->hasPermission('access','catalog/gallimage_category')) ) {?>
              <li><a href="<?php echo $gallimage_category; ?>"><?php echo $text_gallimage_category; ?></a></li>
         	<?php }}else{ ?>
			<li><a href="<?php echo $gallimage_category; ?>"><?php echo $text_gallimage_category; ?></a></li>
			<?php } ?>
			]]></add>
		</operation>
		<operation>
			<search position="replace"><![CDATA[<li><a href="<?php echo $gallimage; ?>"><?php echo $text_gallimage_list; ?></a></li>]]></search>
			<add><![CDATA[
             <?php if ($menucheck){ if (($muser->hasPermission('access','catalog/gallimage')) ) {?>
              <li><a href="<?php echo $gallimage; ?>"><?php echo $text_gallimage_list; ?></a></li>
         	<?php }}else{ ?>
			<li><a href="<?php echo $gallimage; ?>"><?php echo $text_gallimage_list; ?></a></li>
			<?php } ?>
			]]></add>
		</operation>
		<operation>
			<search position="replace"><![CDATA[<li><a href="<?php echo $npages; ?>"><?php echo $entry_npages; ?></a></li>]]></search>
			<add><![CDATA[
             <?php if ($menucheck){ if (($muser->hasPermission('access','catalog/news')) ) {?>
              <li><a href="<?php echo $npages; ?>"><?php echo $entry_npages; ?></a></li>
         	<?php }}else{ ?>
			<li><a href="<?php echo $npages; ?>"><?php echo $entry_npages; ?></a></li>
			<?php } ?>
			]]></add>
		</operation>
		<operation>
			<search position="replace"><![CDATA[<li><a href="<?php echo $ncategory; ?>"><?php echo $entry_ncategory; ?></a></li>]]></search>
			<add><![CDATA[
             <?php if ($menucheck){ if (($muser->hasPermission('access','catalog/ncategory')) ) {?>
              <li><a href="<?php echo $ncategory; ?>"><?php echo $entry_ncategory; ?></a></li>
         	<?php }}else{ ?>
			<li><a href="<?php echo $ncategory; ?>"><?php echo $entry_ncategory; ?></a></li>
			<?php } ?>
			]]></add>
		</operation>
		<operation>
			<search position="replace"><![CDATA[<li><a href="<?php echo $tocomments; ?>"><?php echo $text_commod; ?></a></li>]]></search>
			<add><![CDATA[
             <?php if ($menucheck){ if (($muser->hasPermission('access','catalog/ncomments')) ) {?>
              <li><a href="<?php echo $tocomments; ?>"><?php echo $text_commod; ?></a></li>
         	<?php }}else{ ?>
			<li><a href="<?php echo $tocomments; ?>"><?php echo $text_commod; ?></a></li>
			<?php } ?>
			]]></add>
		</operation>
		<operation>
			<search position="replace"><![CDATA[<li><a href="<?php echo $nauthor; ?>"><?php echo $text_nauthor; ?></a></li>]]></search>
			<add><![CDATA[
             <?php if ($menucheck){ if (($muser->hasPermission('access','catalog/nauthor')) ) {?>
              <li><a href="<?php echo $nauthor; ?>"><?php echo $text_nauthor; ?></a></li>
         	<?php }}else{ ?>
			<li><a href="<?php echo $nauthor; ?>"><?php echo $text_nauthor; ?></a></li>
			<?php } ?>
			]]></add>
		</operation>
		<operation>
			<search position="replace"><![CDATA[<li><a href="<?php echo $nmod; ?>"><?php echo $entry_nmod; ?></a></li>]]></search>
			<add><![CDATA[
             <?php if ($menucheck){ if (($muser->hasPermission('access','module/news')) ) {?>
              <li><a href="<?php echo $nmod; ?>"><?php echo $entry_nmod; ?></a></li>
         	<?php }}else{ ?>
			<li><a href="<?php echo $nmod; ?>"><?php echo $entry_nmod; ?></a></li>
			<?php } ?>
			]]></add>
		</operation>
		<operation>
			<search position="replace"><![CDATA[<li><a href="<?php echo $ncmod; ?>"><?php echo $entry_ncmod; ?></a></li>]]></search>
			<add><![CDATA[
             <?php if ($menucheck){ if (($muser->hasPermission('access','module/ncategory')) ) {?>
              <li><a href="<?php echo $ncmod; ?>"><?php echo $entry_ncmod; ?></a></li>
         	<?php }}else{ ?>
			<li><a href="<?php echo $ncmod; ?>"><?php echo $entry_ncmod; ?></a></li>
			<?php } ?>
			]]></add>
		</operation>
		<operation>
			<search position="replace"><![CDATA[<li><a href="<?php echo $namod; ?>"><?php echo $entry_namod; ?></a></li>]]></search>
			<add><![CDATA[
             <?php if ($menucheck){ if (($muser->hasPermission('access','module/news_archive')) ) {?>
              <li><a href="<?php echo $namod; ?>"><?php echo $entry_namod; ?></a></li>
         	<?php }}else{ ?>
			<li><a href="<?php echo $namod; ?>"><?php echo $entry_namod; ?></a></li>
			<?php } ?>
			]]></add>
		</operation>
		<!-- <operation>
			<search position="replace"><![CDATA[<li><a href="<?php echo $installer; ?>"><?php echo $text_installer; ?></a></li>]]></search>
			<add><![CDATA[
             <?php if ($menucheck){ if (($muser->hasPermission('access','extension/installer')) ) {?>
              <li><a href="<?php echo $installer; ?>"><?php echo $text_installer; ?></a></li>
         	<?php }}else{ ?>
			<li><a href="<?php echo $installer; ?>"><?php echo $text_installer; ?></a></li>
			<?php } ?>
			]]></add>
		</operation>
		<operation>
			<search position="replace"><![CDATA[<li><a href="<?php echo $modification; ?>"><?php echo $text_modification; ?></a></li>]]></search>
			<add><![CDATA[
             <?php if ($menucheck){ if (($muser->hasPermission('access','extension/modification')) ) {?>
              <li><a href="<?php echo $modification; ?>"><?php echo $text_modification; ?></a></li>
         	<?php }}else{ ?>
			<li><a href="<?php echo $modification; ?>"><?php echo $text_modification; ?></a></li>
			<?php } ?>
			]]></add>
		</operation> -->
		<operation>
			<search position="replace"><![CDATA[<li><a href="<?php echo $module; ?>"><?php echo $text_module; ?></a></li>]]></search>
			<add><![CDATA[
             <?php if ($menucheck){ if (($muser->hasPermission('access','extension/module')) ) {?>
              <li><a href="<?php echo $module; ?>"><?php echo $text_module; ?></a></li>
         	<?php }}else{ ?>
			<li><a href="<?php echo $module; ?>"><?php echo $text_module; ?></a></li>
			<?php } ?>
			]]></add>
		</operation>
		<operation>
			<search position="replace"><![CDATA[<li><a href="<?php echo $shipping; ?>"><?php echo $text_shipping; ?></a></li>]]></search>
			<add><![CDATA[
             <?php if ($menucheck){ if (($muser->hasPermission('access','extension/shipping')) ) {?>
              <li><a href="<?php echo $shipping; ?>"><?php echo $text_shipping; ?></a></li>
         	<?php }}else{ ?>
			<li><a href="<?php echo $shipping; ?>"><?php echo $text_shipping; ?></a></li>
			<?php } ?>
			]]></add>
		</operation>
		<operation>
			<search position="replace"><![CDATA[<li><a href="<?php echo $payment; ?>"><?php echo $text_payment; ?></a></li>]]></search>
			<add><![CDATA[
             <?php if ($menucheck){ if (($muser->hasPermission('access','extension/payment')) ) {?>
              <li><a href="<?php echo $payment; ?>"><?php echo $text_payment; ?></a></li>
         	<?php }}else{ ?>
			<li><a href="<?php echo $payment; ?>"><?php echo $text_payment; ?></a></li>
			<?php } ?>
			]]></add>
		</operation>
		<operation>
			<search position="replace"><![CDATA[<li><a href="<?php echo $total; ?>"><?php echo $text_total; ?></a></li>]]></search>
			<add><![CDATA[
             <?php if ($menucheck){ if (($muser->hasPermission('access','extension/total')) ) {?>
              <li><a href="<?php echo $total; ?>"><?php echo $text_total; ?></a></li>
         	<?php }}else{ ?>
			<li><a href="<?php echo $total; ?>"><?php echo $text_total; ?></a></li>
			<?php } ?>
			]]></add>
		</operation>
		<operation>
			<search position="replace"><![CDATA[<li><a href="<?php echo $feed; ?>"><?php echo $text_feed; ?></a></li>]]></search>
			<add><![CDATA[
             <?php if ($menucheck){ if (($muser->hasPermission('access','extension/feed')) ) {?>
              <li><a href="<?php echo $feed; ?>"><?php echo $text_feed; ?></a></li>
         	<?php }}else{ ?>
			<li><a href="<?php echo $feed; ?>"><?php echo $text_feed; ?></a></li>
			<?php } ?>
			]]></add>
		</operation>
		<operation>
			<search position="replace"><![CDATA[<li><a href="<?php echo $openbay_link_extension; ?>"><?php echo $text_openbay_dashboard; ?></a></li>]]></search>
			<add><![CDATA[
             <?php if ($menucheck){ if (($muser->hasPermission('access','extension/openbay')) ) {?>
              <li><a href="<?php echo $openbay_link_extension; ?>"><?php echo $text_openbay_dashboard; ?></a></li>
         	<?php }}else{ ?>
			<li><a href="<?php echo $openbay_link_extension; ?>"><?php echo $text_openbay_dashboard; ?></a></li>
			<?php } ?>
			]]></add>
		</operation>
		<operation>
			<search position="replace"><![CDATA[<li><a href="<?php echo $openbay_link_orders; ?>"><?php echo $text_openbay_orders; ?></a></li>]]></search>
			<add><![CDATA[
             <?php if ($menucheck){ if (($muser->hasPermission('access','extension/openbay')) ) {?>
              <li><a href="<?php echo $openbay_link_orders; ?>"><?php echo $text_openbay_orders; ?></a></li>
         	<?php }}else{ ?>
			<li><a href="<?php echo $openbay_link_orders; ?>"><?php echo $text_openbay_orders; ?></a></li>
			<?php } ?>
			]]></add>
		</operation>
		<operation>
			<search position="replace"><![CDATA[<li><a href="<?php echo $openbay_link_items; ?>"><?php echo $text_openbay_items; ?></a></li>]]></search>
			<add><![CDATA[
             <?php if ($menucheck){ if (($muser->hasPermission('access','extension/openbay')) ) {?>
              <li><a href="<?php echo $openbay_link_items; ?>"><?php echo $text_openbay_items; ?></a></li>
         	<?php }}else{ ?>
			<li><a href="<?php echo $openbay_link_items; ?>"><?php echo $text_openbay_items; ?></a></li>
			<?php } ?>
			]]></add>
		</operation>
		<operation>
			<search position="replace"><![CDATA[<li><a href="<?php echo $fraud; ?>"><?php echo $text_fraud; ?></a></li>]]></search>
			<add><![CDATA[
             <?php if ($menucheck){ if (($muser->hasPermission('access','extension/fraud')) ) {?>
              <li><a href="<?php echo $fraud; ?>"><?php echo $text_fraud; ?></a></li>
         	<?php }}else{ ?>
			<li><a href="<?php echo $fraud; ?>"><?php echo $text_fraud; ?></a></li>
			<?php } ?>
			]]></add>
		</operation>
		<operation>
			<search position="replace"><![CDATA[<li><a href="<?php echo $openbay_link_ebay; ?>"><?php echo $text_openbay_dashboard; ?></a></li>]]></search>
			<add><![CDATA[
             <?php if ($menucheck){ if (($muser->hasPermission('access','openbay/ebay')) ) {?>
              <li><a href="<?php echo $openbay_link_ebay; ?>"><?php echo $text_openbay_dashboard; ?></a></li>
         	<?php }}else{ ?>
			<li><a href="<?php echo $openbay_link_ebay; ?>"><?php echo $text_openbay_dashboard; ?></a></li>
			<?php } ?>
			]]></add>
		</operation>
		<operation>
			<search position="replace"><![CDATA[<li><a href="<?php echo $openbay_link_ebay_settings; ?>"><?php echo $text_openbay_settings; ?></a></li>]]></search>
			<add><![CDATA[
             <?php if ($menucheck){ if (($muser->hasPermission('access','openbay/ebay')) ) {?>
              <li><a href="<?php echo $openbay_link_ebay_settings; ?>"><?php echo $text_openbay_settings; ?></a></li>
         	<?php }}else{ ?>
			 <li><a href="<?php echo $openbay_link_ebay_settings; ?>"><?php echo $text_openbay_settings; ?></a></li>
			<?php } ?>
			]]></add>
		</operation>
		<operation>
			<search position="replace"><![CDATA[<li><a href="<?php echo $openbay_link_ebay_links; ?>"><?php echo $text_openbay_links; ?></a></li>]]></search>
			<add><![CDATA[
             <?php if ($menucheck){ if (($muser->hasPermission('access','openbay/ebay')) ) {?>
              <li><a href="<?php echo $openbay_link_ebay_links; ?>"><?php echo $text_openbay_links; ?></a></li>
         	<?php }}else{ ?>
			<li><a href="<?php echo $openbay_link_ebay_links; ?>"><?php echo $text_openbay_links; ?></a></li>
			<?php } ?>
			]]></add>
		</operation>
		<operation>
			<search position="replace"><![CDATA[<li><a href="<?php echo $openbay_link_ebay_orderimport; ?>"><?php echo $text_openbay_order_import; ?></a></li>]]></search>
			<add><![CDATA[
             <?php if ($menucheck){ if (($muser->hasPermission('access','openbay/ebay')) ) {?>
              <li><a href="<?php echo $openbay_link_ebay_orderimport; ?>"><?php echo $text_openbay_order_import; ?></a></li>
         	<?php }}else{ ?>
			<li><a href="<?php echo $openbay_link_ebay_orderimport; ?>"><?php echo $text_openbay_order_import; ?></a></li>
			<?php } ?>
			]]></add>
		</operation>
		<operation>
			<search position="replace"><![CDATA[<li><a href="<?php echo $openbay_link_amazon; ?>"><?php echo $text_openbay_dashboard; ?></a></li>]]></search>
			<add><![CDATA[
             <?php if ($menucheck){ if (($muser->hasPermission('access','openbay/amazon')) ) {?>
              <li><a href="<?php echo $openbay_link_amazon; ?>"><?php echo $text_openbay_dashboard; ?></a></li>
         	<?php }}else{ ?>
			<li><a href="<?php echo $openbay_link_amazon; ?>"><?php echo $text_openbay_dashboard; ?></a></li>
			<?php } ?>
			]]></add>
		</operation>
		<operation>
			<search position="replace"><![CDATA[<li><a href="<?php echo $openbay_link_amazon_settings; ?>"><?php echo $text_openbay_settings; ?></a></li>]]></search>
			<add><![CDATA[
             <?php if ($menucheck){ if (($muser->hasPermission('access','openbay/amazon')) ) {?>
              <li><a href="<?php echo $openbay_link_amazon_settings; ?>"><?php echo $text_openbay_settings; ?></a></li>
         	<?php }}else{ ?>
			<li><a href="<?php echo $openbay_link_amazon_settings; ?>"><?php echo $text_openbay_settings; ?></a></li>
			<?php } ?>
			]]></add>
		</operation>
		<operation>
			<search position="replace"><![CDATA[<li><a href="<?php echo $openbay_link_amazon_links; ?>"><?php echo $text_openbay_links; ?></a></li>]]></search>
			<add><![CDATA[
             <?php if ($menucheck){ if (($muser->hasPermission('access','openbay/amazon')) ) {?>
              <li><a href="<?php echo $openbay_link_amazon_links; ?>"><?php echo $text_openbay_links; ?></a></li>
         	<?php }}else{ ?>
			<li><a href="<?php echo $openbay_link_amazon_links; ?>"><?php echo $text_openbay_links; ?></a></li>
			<?php } ?>
			]]></add>
		</operation>
		<operation>
			<search position="replace"><![CDATA[<li><a href="<?php echo $openbay_link_amazonus; ?>"><?php echo $text_openbay_dashboard; ?></a></li>]]></search>
			<add><![CDATA[
             <?php if ($menucheck){ if (($muser->hasPermission('access','openbay/amazonus')) ) {?>
              <li><a href="<?php echo $openbay_link_amazonus; ?>"><?php echo $text_openbay_dashboard; ?></a></li>
         	<?php }}else{ ?>
			 <li><a href="<?php echo $openbay_link_amazonus; ?>"><?php echo $text_openbay_dashboard; ?></a></li>
			<?php } ?>
			]]></add>
		</operation>
		<operation>
			<search position="replace"><![CDATA[<li><a href="<?php echo $openbay_link_amazonus_settings; ?>"><?php echo $text_openbay_settings; ?></a></li>]]></search>
			<add><![CDATA[
             <?php if ($menucheck){ if (($muser->hasPermission('access','openbay/amazonus')) ) {?>
              <li><a href="<?php echo $openbay_link_amazonus_settings; ?>"><?php echo $text_openbay_settings; ?></a></li>
         	<?php }}else{ ?>
			<li><a href="<?php echo $openbay_link_amazonus_settings; ?>"><?php echo $text_openbay_settings; ?></a></li>
			<?php } ?>
			]]></add>
		</operation>
		<operation>
			<search position="replace"><![CDATA[<li><a href="<?php echo $openbay_link_amazonus_links; ?>"><?php echo $text_openbay_links; ?></a></li>]]></search>
			<add><![CDATA[
             <?php if ($menucheck){ if (($muser->hasPermission('access','openbay/amazonus')) ) {?>
              <li><a href="<?php echo $openbay_link_amazonus_links; ?>"><?php echo $text_openbay_links; ?></a></li>
         	<?php }}else{ ?>
			<li><a href="<?php echo $openbay_link_amazonus_links; ?>"><?php echo $text_openbay_links; ?></a></li>
			<?php } ?>
			]]></add>
		</operation>
		<operation>
			<search position="replace"><![CDATA[<li><a href="<?php echo $order; ?>"><?php echo $text_order; ?></a></li>]]></search>
			<add><![CDATA[
             <?php if ($menucheck){ if (($muser->hasPermission('access','sale/order')) ) {?>
              <li><a href="<?php echo $order; ?>"><?php echo $text_order; ?></a></li>
         	<?php }}else{ ?>
			<li><a href="<?php echo $order; ?>"><?php echo $text_order; ?></a></li>
			<?php } ?>
			]]></add>
		</operation>
		<operation>
			<search position="replace"><![CDATA[<li><a href="<?php echo $order_recurring; ?>"><?php echo $text_order_recurring; ?></a></li>]]></search>
			<add><![CDATA[
             <?php if ($menucheck){ if (($muser->hasPermission('access','sale/recurring')) ) {?>
              <li><a href="<?php echo $order_recurring; ?>"><?php echo $text_order_recurring; ?></a></li>
         	<?php }}else{ ?>
			<li><a href="<?php echo $order_recurring; ?>"><?php echo $text_order_recurring; ?></a></li>
			<?php } ?>
			]]></add>
		</operation>
		<operation>
			<search position="replace"><![CDATA[<li><a href="<?php echo $return; ?>"><?php echo $text_return; ?></a></li>]]></search>
			<add><![CDATA[
             <?php if ($menucheck){ if (($muser->hasPermission('access','sale/return')) ) {?>
              <li><a href="<?php echo $return; ?>"><?php echo $text_return; ?></a></li>
         	<?php }}else{ ?>
			<li><a href="<?php echo $return; ?>"><?php echo $text_return; ?></a></li>
			<?php } ?>
			]]></add>
		</operation>
		<operation>
			<search position="replace"><![CDATA[<li><a href="<?php echo $customer; ?>"><?php echo $text_customer; ?></a></li>]]></search>
			<add><![CDATA[
             <?php if ($menucheck){ if (($muser->hasPermission('access','sale/customer')) ) {?>
              <li><a href="<?php echo $customer; ?>"><?php echo $text_customer; ?></a></li>
         	<?php }}else{ ?>
			<li><a href="<?php echo $customer; ?>"><?php echo $text_customer; ?></a></li>
			<?php } ?>
			]]></add>
		</operation>
		<operation>
			<search position="replace"><![CDATA[<li><a href="<?php echo $customer_group; ?>"><?php echo $text_customer_group; ?></a></li>]]></search>
			<add><![CDATA[
             <?php if ($menucheck){ if (($muser->hasPermission('access','sale/customer_group')) ) {?>
              <li><a href="<?php echo $customer_group; ?>"><?php echo $text_customer_group; ?></a></li>
         	<?php }}else{ ?>
			<li><a href="<?php echo $customer_group; ?>"><?php echo $text_customer_group; ?></a></li>
			<?php } ?>
			]]></add>
		</operation>
		<operation>
			<search position="replace"><![CDATA[<li><a href="<?php echo $custom_field; ?>"><?php echo $text_custom_field; ?></a></li>]]></search>
			<add><![CDATA[
             <?php if ($menucheck){ if (($muser->hasPermission('access','sale/custom_field')) ) {?>
              <li><a href="<?php echo $custom_field; ?>"><?php echo $text_custom_field; ?></a></li>
         	<?php }}else{ ?>
			<li><a href="<?php echo $custom_field; ?>"><?php echo $text_custom_field; ?></a></li>
			<?php } ?>
			]]></add>
		</operation>
		<operation>
			<search position="replace"><![CDATA[<li><a href="<?php echo $customer_ban_ip; ?>"><?php echo $text_customer_ban_ip; ?></a></li>]]></search>
			<add><![CDATA[
             <?php if ($menucheck){ if (($muser->hasPermission('access','sale/customer_ban_ip')) ) {?>
              <li><a href="<?php echo $customer_ban_ip; ?>"><?php echo $text_customer_ban_ip; ?></a></li>
         	<?php }}else{ ?>
			<li><a href="<?php echo $customer_ban_ip; ?>"><?php echo $text_customer_ban_ip; ?></a></li>
			<?php } ?>
			]]></add>
		</operation>
		<operation>
			<search position="replace"><![CDATA[<li><a href="<?php echo $voucher; ?>"><?php echo $text_voucher; ?></a></li>]]></search>
			<add><![CDATA[
             <?php if ($menucheck){ if (($muser->hasPermission('access','sale/voucher')) ) {?>
              <li><a href="<?php echo $voucher; ?>"><?php echo $text_voucher; ?></a></li>
         	<?php }}else{ ?>
			<li><a href="<?php echo $voucher; ?>"><?php echo $text_voucher; ?></a></li>
			<?php } ?>
			]]></add>
		</operation>
		<operation>
			<search position="replace"><![CDATA[<li><a href="<?php echo $voucher_theme; ?>"><?php echo $text_voucher_theme; ?></a></li>]]></search>
			<add><![CDATA[
             <?php if ($menucheck){ if (($muser->hasPermission('access','sale/voucher_theme')) ) {?>
              <li><a href="<?php echo $voucher_theme; ?>"><?php echo $text_voucher_theme; ?></a></li>
         	<?php }}else{ ?>
			<li><a href="<?php echo $voucher_theme; ?>"><?php echo $text_voucher_theme; ?></a></li>
			<?php } ?>
			]]></add>
		</operation>
		<operation>
			<search position="replace"><![CDATA[<li><a href="<?php echo $paypal_search ?>"><?php echo $text_paypal_search ?></a></li>]]></search>
			<add><![CDATA[
             <?php if ($menucheck){ if (($muser->hasPermission('access','payment/pp_express')) ) {?>
              <li><a href="<?php echo $paypal_search ?>"><?php echo $text_paypal_search ?></a></li>
         	<?php }}else{ ?>
			<li><a href="<?php echo $paypal_search ?>"><?php echo $text_paypal_search ?></a></li>
			<?php } ?>
			]]></add>
		</operation>
		<operation>
			<search position="replace"><![CDATA[<li><a href="<?php echo $marketing; ?>"><?php echo $text_marketing; ?></a></li>]]></search>
			<add><![CDATA[
             <?php if ($menucheck){ if (($muser->hasPermission('access','marketing/marketing')) ) {?>
              <li><a href="<?php echo $marketing; ?>"><?php echo $text_marketing; ?></a></li>
         	<?php }}else{ ?>
			<li><a href="<?php echo $marketing; ?>"><?php echo $text_marketing; ?></a></li>
			<?php } ?>
			]]></add>
		</operation>
		<operation>
			<search position="replace"><![CDATA[<li><a href="<?php echo $affiliate; ?>"><?php echo $text_affiliate; ?></a></li>]]></search>
			<add><![CDATA[
             <?php if ($menucheck){ if (($muser->hasPermission('access','marketing/affiliate')) ) {?>
              <li><a href="<?php echo $affiliate; ?>"><?php echo $text_affiliate; ?></a></li>
         	<?php }}else{ ?>
			<li><a href="<?php echo $affiliate; ?>"><?php echo $text_affiliate; ?></a></li>
			<?php } ?>
			]]></add>
		</operation>
		<operation>
			<search position="replace"><![CDATA[<li><a href="<?php echo $coupon; ?>"><?php echo $text_coupon; ?></a></li>]]></search>
			<add><![CDATA[
             <?php if ($menucheck){ if (($muser->hasPermission('access','marketing/coupon')) ) {?>
              <li><a href="<?php echo $coupon; ?>"><?php echo $text_coupon; ?></a></li>
         	<?php }}else{ ?>
			<li><a href="<?php echo $coupon; ?>"><?php echo $text_coupon; ?></a></li>
			<?php } ?>
			]]></add>
		</operation>
		<operation>
			<search position="replace"><![CDATA[<li><a href="<?php echo $contact; ?>"><?php echo $text_contact; ?></a></li>]]></search>
			<add><![CDATA[
             <?php if ($menucheck){ if (($muser->hasPermission('access','marketing/contact')) ) {?>
              <li><a href="<?php echo $contact; ?>"><?php echo $text_contact; ?></a></li>
         	<?php }}else{ ?>
			<li><a href="<?php echo $contact; ?>"><?php echo $text_contact; ?></a></li>
			<?php } ?>
			]]></add>
		</operation>
		<operation>
			<search position="replace"><![CDATA[<li><a href="<?php echo $setting; ?>"><?php echo $text_setting; ?></a></li>]]></search>
			<add><![CDATA[
             <?php if ($menucheck){ if (($muser->hasPermission('access','setting/store')) ) {?>
              <li><a href="<?php echo $setting; ?>"><?php echo $text_setting; ?></a></li>
         	<?php }}else{ ?>
			 <li><a href="<?php echo $setting; ?>"><?php echo $text_setting; ?></a></li>
			<?php } ?>
			]]></add>
		</operation>
		<operation>
			<search position="replace"><![CDATA[<li><a href="<?php echo $layout; ?>"><?php echo $text_layout; ?></a></li>]]></search>
			<add><![CDATA[
             <?php if ($menucheck){ if (($muser->hasPermission('access','design/layout')) ) {?>
              <li><a href="<?php echo $layout; ?>"><?php echo $text_layout; ?></a></li>
         	<?php }}else{ ?>
			<li><a href="<?php echo $layout; ?>"><?php echo $text_layout; ?></a></li>
			<?php } ?>
			]]></add>
		</operation>
		<operation>
			<search position="replace"><![CDATA[<li><a href="<?php echo $banner; ?>"><?php echo $text_banner; ?></a></li>]]></search>
			<add><![CDATA[
             <?php if ($menucheck){ if (($muser->hasPermission('access','design/banner')) ) {?>
              <li><a href="<?php echo $banner; ?>"><?php echo $text_banner; ?></a></li>
         	<?php }}else{ ?>
			<li><a href="<?php echo $banner; ?>"><?php echo $text_banner; ?></a></li>
			<?php } ?>
			]]></add>
		</operation>
		<operation>
			<search position="replace"><![CDATA[<li><a href="<?php echo $user; ?>"><?php echo $text_user; ?></a></li>]]></search>
			<add><![CDATA[
             <?php if ($menucheck){ if (($muser->hasPermission('access','user/user')) ) {?>
              <li><a href="<?php echo $user; ?>"><?php echo $text_user; ?></a></li>
         	<?php }}else{ ?>
			 <li><a href="<?php echo $user; ?>"><?php echo $text_user; ?></a></li>
			<?php } ?>
			]]></add>
		</operation>
		<operation>
			<search position="replace"><![CDATA[<li><a href="<?php echo $user_group; ?>"><?php echo $text_user_group; ?></a></li>]]></search>
			<add><![CDATA[
             <?php if ($menucheck){ if (($muser->hasPermission('access','user/user_permission')) ) {?>
              <li><a href="<?php echo $user_group; ?>"><?php echo $text_user_group; ?></a></li>
         	<?php }}else{ ?>
			<li><a href="<?php echo $user_group; ?>"><?php echo $text_user_group; ?></a></li>
			<?php } ?>
			]]></add>
		</operation>
		<operation>
			<search position="replace"><![CDATA[<li><a href="<?php echo $api; ?>"><?php echo $text_api; ?></a></li>]]></search>
			<add><![CDATA[
             <?php if ($menucheck){ if (($muser->hasPermission('access','user/api')) ) {?>
              <li><a href="<?php echo $api; ?>"><?php echo $text_api; ?></a></li>
         	<?php }}else{ ?>
			<li><a href="<?php echo $api; ?>"><?php echo $text_api; ?></a></li>
			<?php } ?>
			]]></add>
		</operation>
		<operation>
			<search position="replace"><![CDATA[<li><a href="<?php echo $location; ?>"><?php echo $text_location; ?></a></li>]]></search>
			<add><![CDATA[
             <?php if ($menucheck){ if (($muser->hasPermission('access','localisation/location')) ) {?>
              <li><a href="<?php echo $location; ?>"><?php echo $text_location; ?></a></li>
         	<?php }}else{ ?>
			<li><a href="<?php echo $location; ?>"><?php echo $text_location; ?></a></li>
			<?php } ?>
			]]></add>
		</operation>
		<operation>
			<search position="replace"><![CDATA[<li><a href="<?php echo $language; ?>"><?php echo $text_language; ?></a></li>]]></search>
			<add><![CDATA[
             <?php if ($menucheck){ if (($muser->hasPermission('access','localisation/language')) ) {?>
              <li><a href="<?php echo $language; ?>"><?php echo $text_language; ?></a></li>
         	<?php }}else{ ?>
			<li><a href="<?php echo $language; ?>"><?php echo $text_language; ?></a></li>
			<?php } ?>
			]]></add>
		</operation>
		<operation>
			<search position="replace"><![CDATA[<li><a href="<?php echo $currency; ?>"><?php echo $text_currency; ?></a></li>]]></search>
			<add><![CDATA[
             <?php if ($menucheck){ if (($muser->hasPermission('access','localisation/currency')) ) {?>
              <li><a href="<?php echo $currency; ?>"><?php echo $text_currency; ?></a></li>
         	<?php }}else{ ?>
			<li><a href="<?php echo $currency; ?>"><?php echo $text_currency; ?></a></li>
			<?php } ?>
			]]></add>
		</operation>
		<operation>
			<search position="replace"><![CDATA[<li><a href="<?php echo $stock_status; ?>"><?php echo $text_stock_status; ?></a></li>]]></search>
			<add><![CDATA[
             <?php if ($menucheck){ if (($muser->hasPermission('access','localisation/stock_status')) ) {?>
              <li><a href="<?php echo $stock_status; ?>"><?php echo $text_stock_status; ?></a></li>
         	<?php }}else{ ?>
			<li><a href="<?php echo $stock_status; ?>"><?php echo $text_stock_status; ?></a></li>
			<?php } ?>
			]]></add>
		</operation>
		<operation>
			<search position="replace"><![CDATA[<li><a href="<?php echo $order_status; ?>"><?php echo $text_order_status; ?></a></li>]]></search>
			<add><![CDATA[
             <?php if ($menucheck){ if (($muser->hasPermission('access','localisation/order_status')) ) {?>
              <li><a href="<?php echo $order_status; ?>"><?php echo $text_order_status; ?></a></li>
         	<?php }}else{ ?>
              <li><a href="<?php echo $order_status; ?>"><?php echo $text_order_status; ?></a></li>
			<?php } ?>
			]]></add>
		</operation>
		<operation>
			<search position="replace"><![CDATA[<li><a href="<?php echo $return_status; ?>"><?php echo $text_return_status; ?></a></li>]]></search>
			<add><![CDATA[
             <?php if ($menucheck){ if (($muser->hasPermission('access','localisation/return_status')) ) {?>
              <li><a href="<?php echo $return_status; ?>"><?php echo $text_return_status; ?></a></li>
         	<?php }}else{ ?>
              <li><a href="<?php echo $return_status; ?>"><?php echo $text_return_status; ?></a></li>
			<?php } ?>
			]]></add>
		</operation>
		<operation>
			<search position="replace"><![CDATA[<li><a href="<?php echo $return_action; ?>"><?php echo $text_return_action; ?></a></li>]]></search>
			<add><![CDATA[
             <?php if ($menucheck){ if (($muser->hasPermission('access','localisation/return_action')) ) {?>
              <li><a href="<?php echo $return_action; ?>"><?php echo $text_return_action; ?></a></li>
         	<?php }}else{ ?>
              <li><a href="<?php echo $return_action; ?>"><?php echo $text_return_action; ?></a></li>
			<?php } ?>
			]]></add>
		</operation>
		<operation>
			<search position="replace"><![CDATA[<li><a href="<?php echo $return_reason; ?>"><?php echo $text_return_reason; ?></a></li>]]></search>
			<add><![CDATA[
             <?php if ($menucheck){ if (($muser->hasPermission('access','localisation/return_reason')) ) {?>
              <li><a href="<?php echo $return_reason; ?>"><?php echo $text_return_reason; ?></a></li>
         	<?php }}else{ ?>
              <li><a href="<?php echo $return_reason; ?>"><?php echo $text_return_reason; ?></a></li>
			<?php } ?>
			]]></add>
		</operation>
		<operation>
			<search position="replace"><![CDATA[<li><a href="<?php echo $country; ?>"><?php echo $text_country; ?></a></li>]]></search>
			<add><![CDATA[
             <?php if ($menucheck){ if (($muser->hasPermission('access','localisation/country')) ) {?>
              <li><a href="<?php echo $country; ?>"><?php echo $text_country; ?></a></li>
         	<?php }}else{ ?>
              <li><a href="<?php echo $country; ?>"><?php echo $text_country; ?></a></li>
			<?php } ?>
			]]></add>
		</operation>
		<operation>
			<search position="replace"><![CDATA[<li><a href="<?php echo $zone; ?>"><?php echo $text_zone; ?></a></li>]]></search>
			<add><![CDATA[
             <?php if ($menucheck){ if (($muser->hasPermission('access','localisation/zone')) ) {?>
              <li><a href="<?php echo $zone; ?>"><?php echo $text_zone; ?></a></li>
         	<?php }}else{ ?>
              <li><a href="<?php echo $zone; ?>"><?php echo $text_zone; ?></a></li>
			<?php } ?>
			]]></add>
		</operation>
		<operation>
			<search position="replace"><![CDATA[<li><a href="<?php echo $geo_zone; ?>"><?php echo $text_geo_zone; ?></a></li>]]></search>
			<add><![CDATA[
             <?php if ($menucheck){ if (($muser->hasPermission('access','localisation/geo_zone')) ) {?>
              <li><a href="<?php echo $geo_zone; ?>"><?php echo $text_geo_zone; ?></a></li>
         	<?php }}else{ ?>
              <li><a href="<?php echo $geo_zone; ?>"><?php echo $text_geo_zone; ?></a></li>
			<?php } ?>
			]]></add>
		</operation>
		<operation>
			<search position="replace"><![CDATA[<li><a href="<?php echo $tax_class; ?>"><?php echo $text_tax_class; ?></a></li>]]></search>
			<add><![CDATA[
             <?php if ($menucheck){ if (($muser->hasPermission('access','localisation/tax_class')) ) {?>
              <li><a href="<?php echo $tax_class; ?>"><?php echo $text_tax_class; ?></a></li>
         	<?php }}else{ ?>
              <li><a href="<?php echo $tax_class; ?>"><?php echo $text_tax_class; ?></a></li>
			<?php } ?>
			]]></add>
		</operation>
		<operation>
			<search position="replace"><![CDATA[<li><a href="<?php echo $tax_rate; ?>"><?php echo $text_tax_rate; ?></a></li>]]></search>
			<add><![CDATA[
             <?php if ($menucheck){ if (($muser->hasPermission('access','localisation/tax_rate')) ) {?>
              <li><a href="<?php echo $tax_rate; ?>"><?php echo $text_tax_rate; ?></a></li>
         	<?php }}else{ ?>
              <li><a href="<?php echo $tax_rate; ?>"><?php echo $text_tax_rate; ?></a></li>
			<?php } ?>
			]]></add>
		</operation>
		<operation>
			<search position="replace"><![CDATA[<li><a href="<?php echo $length_class; ?>"><?php echo $text_length_class; ?></a></li>]]></search>
			<add><![CDATA[
             <?php if ($menucheck){ if (($muser->hasPermission('access','localisation/length_class')) ) {?>
              <li><a href="<?php echo $length_class; ?>"><?php echo $text_length_class; ?></a></li>
         	<?php }}else{ ?>
              <li><a href="<?php echo $length_class; ?>"><?php echo $text_length_class; ?></a></li>
			<?php } ?>
			]]></add>
		</operation>
		<operation>
			<search position="replace"><![CDATA[<li><a href="<?php echo $weight_class; ?>"><?php echo $text_weight_class; ?></a></li>]]></search>
			<add><![CDATA[
             <?php if ($menucheck){ if (($muser->hasPermission('access','localisation/weight_class')) ) {?>
              <li><a href="<?php echo $weight_class; ?>"><?php echo $text_weight_class; ?></a></li>
         	<?php }}else{ ?>
              <li><a href="<?php echo $weight_class; ?>"><?php echo $text_weight_class; ?></a></li>
			<?php } ?>
			]]></add>
		</operation>
		<operation>
			<search position="replace"><![CDATA[<li><a class="parent"><?php echo $text_localisation; ?></a>]]></search>
			<add><![CDATA[
             <?php if ($menucheck){ if (
			(($muser->hasPermission('access','localisation/return_reason')) || 
			($muser->hasPermission('access','localisation/return_status')) ||
			($muser->hasPermission('access','localisation/return_action')) ||
			($muser->hasPermission('access','localisation/location')) ||
			($muser->hasPermission('access','localisation/language')) ||
			($muser->hasPermission('access','localisation/currency')) ||
			($muser->hasPermission('access','localisation/stock_status')) ||
			($muser->hasPermission('access','localisation/order_status')) ||
			($muser->hasPermission('access','localisation/country')) ||
			($muser->hasPermission('access','localisation/zone')) ||
			($muser->hasPermission('access','localisation/geo_zone')) ||
			($muser->hasPermission('access','localisation/tax_class')) ||
			($muser->hasPermission('access','localisation/tax_rate')) ||
			($muser->hasPermission('access','localisation/length_class')) ||
			($muser->hasPermission('access','localisation/weight_class'))) 
			) {?>
            <li><a class="parent"><?php echo $text_localisation; ?></a>
         	<?php }else{ ?>
			<li><a class="parent" style="display:none!important;"><?php echo $text_localisation; ?></a>	
			<?php }}else{ ?>
            <li><a class="parent"><?php echo $text_localisation; ?></a>
			<?php } ?>
			]]></add>
		</operation>	
		<operation>
			<search position="replace"><![CDATA[<li><a href="<?php echo $upload; ?>"><?php echo $text_upload; ?></a></li>]]></search>
			<add><![CDATA[
             <?php if ($menucheck){ if (($muser->hasPermission('access','tool/upload')) ) {?>
              <li><a href="<?php echo $upload; ?>"><?php echo $text_upload; ?></a></li>
         	<?php }}else{ ?>
              <li><a href="<?php echo $upload; ?>"><?php echo $text_upload; ?></a></li>
			<?php } ?>
			]]></add>
		</operation>
		<operation>
			<search position="replace"><![CDATA[<li><a href="<?php echo $backup; ?>"><?php echo $text_backup; ?></a></li>]]></search>
			<add><![CDATA[
             <?php if ($menucheck){ if (($muser->hasPermission('access','tool/backup')) ) {?>
              <li><a href="<?php echo $backup; ?>"><?php echo $text_backup; ?></a></li>
         	<?php }}else{ ?>
              <li><a href="<?php echo $backup; ?>"><?php echo $text_backup; ?></a></li>
			<?php } ?>
			]]></add>
		</operation>
		<operation>
			<search position="replace"><![CDATA[<li><a href="<?php echo $error_log; ?>"><?php echo $text_error_log; ?></a></li>]]></search>
			<add><![CDATA[
             <?php if ($menucheck){ if (($muser->hasPermission('access','tool/error_log')) ) {?>
              <li><a href="<?php echo $error_log; ?>"><?php echo $text_error_log; ?></a></li>
         	<?php }}else{ ?>
              <li><a href="<?php echo $error_log; ?>"><?php echo $text_error_log; ?></a></li>
			<?php } ?>
			]]></add>
		</operation>
		<operation>
			<search position="replace"><![CDATA[<li><a href="<?php echo $report_sale_order; ?>"><?php echo $text_report_sale_order; ?></a></li>]]></search>
			<add><![CDATA[
             <?php if ($menucheck){ if (($muser->hasPermission('access','report/sale_order')) ) {?>
              <li><a href="<?php echo $report_sale_order; ?>"><?php echo $text_report_sale_order; ?></a></li>
         	<?php }}else{ ?>
              <li><a href="<?php echo $report_sale_order; ?>"><?php echo $text_report_sale_order; ?></a></li>
			<?php } ?>
			]]></add>
		</operation>
		<operation>
			<search position="replace"><![CDATA[<li><a href="<?php echo $report_sale_tax; ?>"><?php echo $text_report_sale_tax; ?></a></li>]]></search>
			<add><![CDATA[
             <?php if ($menucheck){ if (($muser->hasPermission('access','report/sale_tax')) ) {?>
              <li><a href="<?php echo $report_sale_tax; ?>"><?php echo $text_report_sale_tax; ?></a></li>
         	<?php }}else{ ?>
              <li><a href="<?php echo $report_sale_tax; ?>"><?php echo $text_report_sale_tax; ?></a></li>
			<?php } ?>
			]]></add>
		</operation>
		<operation>
			<search position="replace"><![CDATA[<li><a href="<?php echo $report_sale_shipping; ?>"><?php echo $text_report_sale_shipping; ?></a></li>]]></search>
			<add><![CDATA[
             <?php if ($menucheck){ if (($muser->hasPermission('access','report/sale_shipping')) ) {?>
              <li><a href="<?php echo $report_sale_shipping; ?>"><?php echo $text_report_sale_shipping; ?></a></li>
         	<?php }}else{ ?>
              <li><a href="<?php echo $report_sale_shipping; ?>"><?php echo $text_report_sale_shipping; ?></a></li>
			<?php } ?>
			]]></add>
		</operation>
		<operation>
			<search position="replace"><![CDATA[<li><a href="<?php echo $report_sale_return; ?>"><?php echo $text_report_sale_return; ?></a></li>]]></search>
			<add><![CDATA[
             <?php if ($menucheck){ if (($muser->hasPermission('access','report/sale_return')) ) {?>
              <li><a href="<?php echo $report_sale_return; ?>"><?php echo $text_report_sale_return; ?></a></li>
         	<?php }}else{ ?>
              <li><a href="<?php echo $report_sale_return; ?>"><?php echo $text_report_sale_return; ?></a></li>
			<?php } ?>
			]]></add>
		</operation>
		<operation>
			<search position="replace"><![CDATA[<li><a href="<?php echo $report_sale_coupon; ?>"><?php echo $text_report_sale_coupon; ?></a></li>]]></search>
			<add><![CDATA[
             <?php if ($menucheck){ if (($muser->hasPermission('access','report/sale_coupon')) ) {?>
              <li><a href="<?php echo $report_sale_coupon; ?>"><?php echo $text_report_sale_coupon; ?></a></li>
         	<?php }}else{ ?>
              <li><a href="<?php echo $report_sale_coupon; ?>"><?php echo $text_report_sale_coupon; ?></a></li>
			<?php } ?>
			]]></add>
		</operation>
		<operation>
			<search position="replace"><![CDATA[<li><a href="<?php echo $report_product_viewed; ?>"><?php echo $text_report_product_viewed; ?></a></li>]]></search>
			<add><![CDATA[
             <?php if ($menucheck){ if (($muser->hasPermission('access','report/product_viewed')) ) {?>
              <li><a href="<?php echo $report_product_viewed; ?>"><?php echo $text_report_product_viewed; ?></a></li>
         	<?php }}else{ ?>
              <li><a href="<?php echo $report_product_viewed; ?>"><?php echo $text_report_product_viewed; ?></a></li>
			<?php } ?>
			]]></add>
		</operation>
		<operation>
			<search position="replace"><![CDATA[<li><a href="<?php echo $report_product_purchased; ?>"><?php echo $text_report_product_purchased; ?></a></li>]]></search>
			<add><![CDATA[
             <?php if ($menucheck){ if (($muser->hasPermission('access','report/product_purchased')) ) {?>
              <li><a href="<?php echo $report_product_purchased; ?>"><?php echo $text_report_product_purchased; ?></a></li>
         	<?php }}else{ ?>
              <li><a href="<?php echo $report_product_purchased; ?>"><?php echo $text_report_product_purchased; ?></a></li>
			<?php } ?>
			]]></add>
		</operation>
		<operation>
			<search position="replace"><![CDATA[<li><a href="<?php echo $report_customer_online; ?>"><?php echo $text_report_customer_online; ?></a></li>]]></search>
			<add><![CDATA[
             <?php if ($menucheck){ if (($muser->hasPermission('access','report/customer_online')) ) {?>
              <li><a href="<?php echo $report_customer_online; ?>"><?php echo $text_report_customer_online; ?></a></li>
         	<?php }}else{ ?>
              <li><a href="<?php echo $report_customer_online; ?>"><?php echo $text_report_customer_online; ?></a></li>
			<?php } ?>
			]]></add>
		</operation>
		<operation>
			<search position="replace"><![CDATA[<li><a href="<?php echo $report_customer_activity; ?>"><?php echo $text_report_customer_activity; ?></a></li>]]></search>
			<add><![CDATA[
             <?php if ($menucheck){ if (($muser->hasPermission('access','report/customer_activity')) ) {?>
              <li><a href="<?php echo $report_customer_activity; ?>"><?php echo $text_report_customer_activity; ?></a></li>
         	<?php }}else{ ?>
              <li><a href="<?php echo $report_customer_activity; ?>"><?php echo $text_report_customer_activity; ?></a></li>
			<?php } ?>
			]]></add>
		</operation>
		<operation>
			<search position="replace"><![CDATA[<li><a href="<?php echo $report_customer_order; ?>"><?php echo $text_report_customer_order; ?></a></li>]]></search>
			<add><![CDATA[
             <?php if ($menucheck){ if (($muser->hasPermission('access','report/customer_order')) ) {?>
              <li><a href="<?php echo $report_customer_order; ?>"><?php echo $text_report_customer_order; ?></a></li>
         	<?php }}else{ ?>
              <li><a href="<?php echo $report_customer_order; ?>"><?php echo $text_report_customer_order; ?></a></li>
			<?php } ?>
			]]></add>
		</operation>
		<operation>
			<search position="replace"><![CDATA[<li><a href="<?php echo $report_customer_reward; ?>"><?php echo $text_report_customer_reward; ?></a></li>]]></search>
			<add><![CDATA[
             <?php if ($menucheck){ if (($muser->hasPermission('access','report/customer_reward')) ) {?>
             <li><a href="<?php echo $report_customer_reward; ?>"><?php echo $text_report_customer_reward; ?></a></li>
         	<?php }}else{ ?>
             <li><a href="<?php echo $report_customer_reward; ?>"><?php echo $text_report_customer_reward; ?></a></li>
			<?php } ?>
			]]></add>
		</operation>
		<operation>
			<search position="replace"><![CDATA[<li><a href="<?php echo $report_customer_credit; ?>"><?php echo $text_report_customer_credit; ?></a></li>]]></search>
			<add><![CDATA[
             <?php if ($menucheck){ if (($muser->hasPermission('access','report/customer_credit')) ) {?>
              <li><a href="<?php echo $report_customer_credit; ?>"><?php echo $text_report_customer_credit; ?></a></li>
         	<?php }}else{ ?>
              <li><a href="<?php echo $report_customer_credit; ?>"><?php echo $text_report_customer_credit; ?></a></li>
			<?php } ?>
			]]></add>
		</operation>
		<operation>
			<search position="replace"><![CDATA[<li><a href="<?php echo $report_marketing; ?>"><?php echo $text_marketing; ?></a></li>]]></search>
			<add><![CDATA[
             <?php if ($menucheck){ if (($muser->hasPermission('access','report/marketing')) ) {?>
              <li><a href="<?php echo $report_marketing; ?>"><?php echo $text_marketing; ?></a></li>
         	<?php }}else{ ?>
              <li><a href="<?php echo $report_marketing; ?>"><?php echo $text_marketing; ?></a></li>
			<?php } ?>
			]]></add>
		</operation>
		<operation>
			<search position="replace"><![CDATA[<li><a href="<?php echo $report_affiliate; ?>"><?php echo $text_report_affiliate; ?></a></li>]]></search>
			<add><![CDATA[
             <?php if ($menucheck){ if (($muser->hasPermission('access','report/affiliate')) ) {?>
              <li><a href="<?php echo $report_affiliate; ?>"><?php echo $text_report_affiliate; ?></a></li>
         	<?php }}else{ ?>
              <li><a href="<?php echo $report_affiliate; ?>"><?php echo $text_report_affiliate; ?></a></li>
			<?php } ?>
			]]></add>
		</operation>
		<operation>
			<search position="replace"><![CDATA[<li><a href="<?php echo $report_affiliate_activity; ?>"><?php echo $text_report_affiliate_activity; ?></a></li>]]></search>
			<add><![CDATA[
             <?php if ($menucheck){ if (($muser->hasPermission('access','report/affiliate_activity')) ) {?>
              <li><a href="<?php echo $report_affiliate_activity; ?>"><?php echo $text_report_affiliate_activity; ?></a></li>
         	<?php }}else{ ?>
              <li><a href="<?php echo $report_affiliate_activity; ?>"><?php echo $text_report_affiliate_activity; ?></a></li>
			<?php } ?>
			]]></add>
		</operation>
		<operation error="skip">
			<search position="replace"><![CDATA[<li id="dashboard"><a href="<?php echo $home; ?>"><i class="fa fa-dashboard fa-fw"></i> <span><?php echo $text_dashboard; ?></span></a></li>]]></search>
			<add><![CDATA[
		    <?php if ($menucheck){if ( $muser->hasPermission('access','dashboard/order') || 
				 $muser->hasPermission('access','dashboard/sale') ||
				 $muser->hasPermission('access','dashboard/customer') ||
				 $muser->hasPermission('access','dashboard/online') ||
				 $muser->hasPermission('access','dashboard/map') ||
				 $muser->hasPermission('access','dashboard/chart') ||
				 $muser->hasPermission('access','dashboard/activity') ||
				 $muser->hasPermission('access','dashboard/recent')
				 )  {?><li id="dashboard"><a href="<?php echo $home; ?>"><i class="fa fa-dashboard fa-fw"></i> <span><?php echo $text_dashboard; ?></span></a></li><?php }
				}else{ ?><li id="dashboard"><a href="<?php echo $home; ?>"><i class="fa fa-dashboard fa-fw"></i> <span><?php echo $text_dashboard; ?></span></a></li><?php } ?>
			]]></add>
		</operation>
	</file>
	<file path="admin/view/template/common/header.tpl">
		<operation>
			<search position="before"><![CDATA[<li class="dropdown-header"><?php echo $text_affiliate; ?></li>]]></search>
			<add><![CDATA[
			<?php global $config; global $registry; $muser = $registry->get('user'); if (($muser->hasPermission('access','marketing/affiliate')) ) {?>
			]]></add>
		</operation>
		<operation>
			<search position="before" index="1"><![CDATA[</ul>]]></search>
			<add><![CDATA[
			<?php } ?>
			]]></add>
		</operation>
		<!-- <operation>
			<search position="before"><![CDATA[<li class="dropdown-header"><?php echo $text_help; ?> <i class="fa fa-life-ring"></i></li>]]></search>
			<add><![CDATA[
			<?php if (($config->get('menuhide_help')) && ($config->get('menuhide_status'))) {}else{?>
			]]></add>
		</operation>
		<operation>
			<search position="after"><![CDATA[<li><a href="http://forum.opencart.com" target="_blank"><?php echo $text_support; ?></a></li>]]></search>
			<add><![CDATA[
			<?php } ?>
			]]></add>
		</operation> -->
	</file>
	<file path="admin/view/template/common/column_left.tpl">
		<operation>
			<search limit="1" position="replace"><![CDATA[<nav id="column-left"><?php echo $profile; ?><?php echo $menu; ?><?php echo $stats; ?></nav>]]></search>
			<add><![CDATA[
			<nav id="column-left"><?php echo $profile; ?><?php echo $menu; ?>
<script type="text/javascript">$('ul').not(':visible').each(function(index) {});$('li a.parent').each(function(index) {if($(this).next('ul').children('li').size() == 0) { $(this).parent('li').css('display', 'none');}})
if($('#catalog ul li:not(:has(a.parent))').size() == 0) $('#catalog').css('display', 'none'); if($('#blog ul li:not(:has(a.parent))').size() == 0) $('#blog').css('display', 'none'); if($('#extension ul li:not(:has(a.parent))').size() == 0) $('#extension').css('display', 'none'); if($('#sale ul li:not(:has(a.parent))').size() == 0) $('#sale').css('display', 'none'); if($('#system ul li:not(:has(a.parent))').size() == 0) $('#system').css('display', 'none'); if($('#system ul li:not(:has(a.parent))').size() == 0) $('#system').css('display', 'none'); if($('#reports ul li:not(:has(a.parent))').size() == 0) $('#reports').css('display', 'none');
</script>  
<?php echo $stats; ?></nav>
			]]></add>
		</operation>
	</file>
	<file path="admin/controller/extension/module.php">
		<operation>
			<search position="after"><![CDATA[$extension = basename($file, '.php');]]></search>
			<add><![CDATA[
				global $config;
				if (($config->get('menuhide_module')) && ($config->get('menuhide_status'))){
					 if (!$this->user->hasPermission('access', 'module/'.$extension)) continue;
				} else {}
			]]></add>
		</operation>
	</file>
	<file path="admin/controller/extension/shipping.php">
		<operation>
			<search position="after"><![CDATA[$extension = basename($file, '.php');]]></search>
			<add><![CDATA[
				global $config;
				if (($config->get('menuhide_module')) && ($config->get('menuhide_status'))){
					 if (!$this->user->hasPermission('access', 'shipping/'.$extension)) continue;
				} else {}
			]]></add>
		</operation>
	</file>
	<file path="admin/controller/extension/payment.php">
		<operation>
			<search position="after"><![CDATA[$extension = basename($file, '.php');]]></search>
			<add><![CDATA[
				global $config;
				if (($config->get('menuhide_module')) && ($config->get('menuhide_status'))){
					 if (!$this->user->hasPermission('access', 'payment/'.$extension)) continue;
				} else {}
			]]></add>
		</operation>
	</file>
	<file path="admin/controller/extension/total.php">
		<operation>
			<search position="after"><![CDATA[$extension = basename($file, '.php');]]></search>
			<add><![CDATA[
				global $config;
				if (($config->get('menuhide_module')) && ($config->get('menuhide_status'))){
					 if (!$this->user->hasPermission('access', 'total/'.$extension)) continue;
				} else {}
			]]></add>
		</operation>
	</file>	
	<file path="admin/controller/user/user_permission.php">
		<operation>
			<search position="before"><![CDATA[if (isset($this->request->post['permission']['access']))]]></search>
			<add><![CDATA[	
		$data['ex_permissions'] = array();
		if (!in_array($permission, $ignore)) {$data['ex_permissions'][] = 'store/general';}	
		if (!in_array($permission, $ignore)) {$data['ex_permissions'][] = 'store/store';}	
		if (!in_array($permission, $ignore)) {$data['ex_permissions'][] = 'store/local';}
		if (!in_array($permission, $ignore)) {$data['ex_permissions'][] = 'store/option';}	
		if (!in_array($permission, $ignore)) {$data['ex_permissions'][] = 'store/image';}
		if (!in_array($permission, $ignore)) {$data['ex_permissions'][] = 'store/ftp';}	
		if (!in_array($permission, $ignore)) {$data['ex_permissions'][] = 'store/mail';}					
		if (!in_array($permission, $ignore)) {$data['ex_permissions'][] = 'store/fraud';}	
		if (!in_array($permission, $ignore)) {$data['ex_permissions'][] = 'store/server';}
		if (!in_array($permission, $ignore)) {$data['ex_permissions'][] = 'store/http';}
		if (!in_array($permission, $ignore)) {$data['ex_permissions'][] = 'store/google';}
			]]></add>
		</operation>
		<operation>
			<search position="after"><![CDATA[$data['button_cancel'] = $this->language->get('button_cancel');]]></search>
			<add><![CDATA[	
				$data['entry_ex_permission'] = $this->language->get('entry_ex_permission');
				$data['update'] = "update";
			]]></add>
		</operation>
	</file>
	<file path="admin/language/*/user/user_group.php">
		<operation>
			<search position="after"><![CDATA[// Entry]]></search>
			<add><![CDATA[	
				$_['entry_ex_permission']      = 'Extra Permission';
			]]></add>
		</operation>
	</file>
	<file path="admin/view/template/user/user_group_form.tpl">
		<operation>
			<search position="before"><![CDATA[</form>]]></search>
			<add><![CDATA[
             <div class="form-group">
                <label class="col-sm-2 control-label"><?php echo $entry_ex_permission; ?></label>
                <div class="col-sm-10">
                  <div class="well well-sm" style="height: 150px; overflow: auto;">
                    <?php foreach ($ex_permissions as $permission) { ?>
                    <div class="checkbox">
                      <label>
                        <?php if (in_array($permission, $access)) { ?>
                        <input type="checkbox" name="permission[access][]" value="<?php echo $permission; ?>" checked="checked" />
                        <?php echo $permission; ?>
                        <?php } else { ?>
                        <input type="checkbox" name="permission[access][]" value="<?php echo $permission; ?>" />
                        <?php echo $permission; ?>
                        <?php } ?>
                      </label>
                    </div>
                    <?php } ?>
                  </div>
                  <a onclick="$(this).parent().find(':checkbox').prop('checked', true);"><?php echo $text_select_all; ?></a> / <a onclick="$(this).parent().find(':checkbox').prop('checked', false);"><?php echo $text_unselect_all; ?></a></div>
              </div>
			]]></add>
		</operation>
	</file>
	<file path="admin/view/template/setting/setting.tpl">
		<operation>
			<search position="replace"><![CDATA[
			<li class="active"><a href="#tab-general" data-toggle="tab"><?php echo $tab_general; ?></a></li>
			]]></search>
			<add><![CDATA[	
			<?php  global $registry; $muser = $registry->get('user'); ?>
            <?php if ($muser->hasPermission('access','store/general'))  {?>
            <li class="active"><a href="#tab-general" data-toggle="tab"><?php echo $tab_general; ?></a></li>
            <?php } ?>
			]]></add>
		</operation>
		<operation>
			<search position="replace"><![CDATA[
			<li><a href="#tab-store" data-toggle="tab"><?php echo $tab_store; ?></a></li>
			]]></search>
			<add><![CDATA[
			<?php if (($muser->hasPermission('access','store/store')) && (!$muser->hasPermission('access','store/general')))  {?>
            <li class="active"><a href="#tab-store" data-toggle="tab"><?php echo $tab_store; ?></a></li>
            <?php } elseif ($muser->hasPermission('access','store/store')) { ?>
            <li><a href="#tab-store" data-toggle="tab"><?php echo $tab_store; ?></a></li>
            <?php } ?>
			]]></add>
		</operation>
		<operation>
			<search position="replace"><![CDATA[
			<li><a href="#tab-local" data-toggle="tab"><?php echo $tab_local; ?></a></li>
			]]></search>
			<add><![CDATA[
			<?php if ($muser->hasPermission('access','store/local'))  {?>
            <li><a href="#tab-local" data-toggle="tab"><?php echo $tab_local; ?></a></li>
            <?php } ?>
			]]></add>
		</operation>
		<operation>
			<search position="replace"><![CDATA[
			<li><a href="#tab-option" data-toggle="tab"><?php echo $tab_option; ?></a></li>
			]]></search>
			<add><![CDATA[
			<?php if ($muser->hasPermission('access','store/option'))  {?>
            <li><a href="#tab-option" data-toggle="tab"><?php echo $tab_option; ?></a></li>
            <?php } ?>
			]]></add>
		</operation>
		<operation>
			<search position="replace"><![CDATA[
			<li><a href="#tab-image" data-toggle="tab"><?php echo $tab_image; ?></a></li>
			]]></search>
			<add><![CDATA[
			<?php if ($muser->hasPermission('access','store/image'))  {?>
            <li><a href="#tab-image" data-toggle="tab"><?php echo $tab_image; ?></a></li>
            <?php } ?>
			]]></add>
		</operation>
		<operation>
			<search position="replace"><![CDATA[
			<li><a href="#tab-ftp" data-toggle="tab"><?php echo $tab_ftp; ?></a></li>
			]]></search>
			<add><![CDATA[
			<?php if ($muser->hasPermission('access','store/ftp'))  {?>
            <li><a href="#tab-ftp" data-toggle="tab"><?php echo $tab_ftp; ?></a></li>
            <?php } ?>
			]]></add>
		</operation>
		<operation>
			<search position="replace"><![CDATA[
			<li><a href="#tab-mail" data-toggle="tab"><?php echo $tab_mail; ?></a></li>
			]]></search>
			<add><![CDATA[
			<?php if ($muser->hasPermission('access','store/mail'))  {?>
            <li><a href="#tab-mail" data-toggle="tab"><?php echo $tab_mail; ?></a></li>
            <?php } ?>
			]]></add>
		</operation>
		<operation>
			<search position="replace"><![CDATA[
			<li><a href="#tab-server" data-toggle="tab"><?php echo $tab_server; ?></a></li>
			]]></search>
			<add><![CDATA[
			<?php if ($muser->hasPermission('access','store/server'))  {?>
            <li><a href="#tab-server" data-toggle="tab"><?php echo $tab_server; ?></a></li>
            <?php } ?>
			]]></add>
		</operation>
		<operation>
			<search position="replace"><![CDATA[
			<li><a href="#tab-http" data-toggle="tab"><?php echo $tab_http; ?></a></li>
			]]></search>
			<add><![CDATA[
			<?php if ($muser->hasPermission('access','store/http'))  {?>
            <li><a href="#tab-http" data-toggle="tab"><?php echo $tab_http; ?></a></li>
            <?php } ?>
			]]></add>
		</operation>
		<operation>
			<search position="replace"><![CDATA[
			<li><a href="#tab-google" data-toggle="tab"><?php echo $tab_google; ?></a></li>
			]]></search>
			<add><![CDATA[
			<?php if ($muser->hasPermission('access','store/google'))  {?>
            <li><a href="#tab-google" data-toggle="tab"><?php echo $tab_google; ?></a></li>
            <?php } ?>
			]]></add>
		</operation>
		<operation>
			<search position="replace"><![CDATA[
			<div class="tab-pane active" id="tab-general">
			]]></search>
			<add><![CDATA[
			<?php if ($muser->hasPermission('access','store/general'))  {?> 
            <div class="tab-pane active" id="tab-general">
            <?php } else { ?>
            <div style="display:none" class="tab-pane" id="tab-general">
            <?php } ?>
			]]></add>
		</operation>
		<operation>
			<search position="replace"><![CDATA[
			<div class="tab-pane" id="tab-store">
			]]></search>
			<add><![CDATA[
			<?php if ($muser->hasPermission('access','store/general'))  {?> 
            <div class="tab-pane" id="tab-store">
            <?php } elseif ($muser->hasPermission('access','store/store')){ ?>
            <div class="tab-pane active" id="tab-store">
            <?php } else {?>
            <div class="tab-pane" id="tab-store">
            <?php } ?>
			]]></add>
		</operation>
	</file>
	<file path="admin/view/template/setting/setting.tpl">
		<operation>
			<search position="replace"><![CDATA[
			<li class="active"><a href="#tab-general" data-toggle="tab"><?php echo $tab_general; ?></a></li>
			]]></search>
			<add><![CDATA[	
			<?php  global $registry; $muser = $registry->get('user'); ?>
            <?php if ($muser->hasPermission('access','store/general'))  {?>
            <li class="active"><a href="#tab-general" data-toggle="tab"><?php echo $tab_general; ?></a></li>
            <?php } ?>
			]]></add>
		</operation>
	</file>
</modification>